sequence,RT
DCDPTTGETDDEGYEDEYVLEDLEVTVADHIQK,6212.34
SSSQDSEVSTVVSNSSGETLGADSDLSSNAGDGPGGEGSVHLASSR,4808.465999999999
DFDSERGLSISGEGGAFEQQAAGAVLDLMGDEAQNLTR,6254.58
YQGLQQQEAKPDGLVTDSSAELQSLEQQLEEAQTENFNIK,6151.26
SPVQEASSATDTDTNSQEDPADTASVSSLSLSTGHTK,4424.316000000001
TETSEEGSGDLDNLDAILGDLTSSDFYNNSISSNGSHLGTK,6213.4800000000005
GAQAGTQVEEAEAEAVAVASGTAGGDDGGASGRPLPK,5683.008000000001
LAQQQASAAAAAAAATAAATAATTTSAGVSHQNPSK,5547.396
AASAAGAAGSAGGSSGAAGAAGGGAGAGTRPGDGGTASAGAAGPGAATK,2911.5840000000003
QSVNISLSGCQPAPEGYSPTLQWQQQQVAQFSTVRQNVNK,5845.482
AATDAQDANQCCTSCEDNAPATSYCVECSEPLCETCVEAHQR,4365.372
NGFPHPEPDCNPSEAASEESNSEIEQEIPVEQK,4903.734
GPQGPGGGGINVQEILTSIMGSPNSHPSEELLK,6215.52
ANSQPSAGRAPISNPGMSEAGNFGGNSFMPANGLTVAQNQVLNLIK,6145.68
SPEASHTGPAFQEAPCGNNLSCPQEDVSSSGQSTNFDK,4299.81
NSVVISNPHATMTQQGNLDSPSGSGVLSSGSSSPLYSK,4889.076
LDTNSDGQLDFSEFLNLIGGLAMACHDSFLK,6374.28
TLSTIATSTDAASVVHSTDLVVEAIVENLK,6314.82
APPSSSVTGAHVAQIQAQGITSTAQPLVAGTANGGK,4912.242
TDTLGLSCGVGSGNCSNSSSSNFEGLLWSQGQLHGLK,6070.38
GSEGPQGVRGEPGPPGPAGAAGPAGNPGADGQPGAK,3507.228
VLTDAVDDITSIDDFLAVSENHILEDVNK,6275.099999999999
NNQSIIFENNQADLENATEVLSGYLERDISQDSLQDIK,6227.82
TASIKPEVALLDTQDMENMSDDDGWEFVNLGDQQSFGIK,6155.76
AMNGNLSNMYEVLNNNEESLTCGIEQHTGENVSR,6085.8
IQLQQQQQQSCQHLGLLTPVGVGEQLSEGDYAR,5907.39
TAQALAQLAAQHSQSGSTTTSSWDMGSTTQSPSLVQYDLK,5748.509999999999
QGSGSSQPMEVQEGYGFGSGDDPYSSAEPHVSGVK,4781.862
QCGLQADREADGTEGVDEDIIVTQSQTNFTCPITK,5370.264
AVGAQASVGSRSEGEGEAASADDGSLNTSGAGPK,3271.764
VTPTEEHVEGPLPSPVTNGTSPAQLNGGSACSSR,4577.136
GGGGGAGEQQQQAGSGAPHTPQTPGQPGAPATPGTAGDK,3168.63
NETVSSNSSNNTGNSTTETSSTLEVRTQGPILTASGK,4303.218
DLHDDDEDEEMLETADGESMNTEESNQGSTPSDQQQNK,4519.494
IPESQFPEFSTSLFSGSLEPVACGSVLSEGSPLTEQEESSPSHDR,6158.4
CVDIDECGTEGANCGADQFCVNTEGSYECRDCAK,4419.498
EAATIDRDTAFAIGCTGLEELLGIDPSFEQFEAPLFSQLAK,6337.200000000001
LADDADDTPMEESALQNTNNANGIWEEEPKK,5040.089999999999
AASPVLQEDIDIEGVQSEGQDNGAEDSGDTEDELRR,5124.342
LESPSFTGTGDTEIAHATEDLENNGSK,5093.25
LNEVSSDANRENAAAESGSESSSQEATPEK,2808.264
AAQAGVAVGDWVLSIDGENAGSLTHIEAQNK,6095.82
VASVASTLETTFETISTLSGVDLENGTCSHPLIPDK,6295.5
QENTGSLGSDPSHSNSTATQEEDEEEEESFGTLSDK,4273.122
IGVGGGAASSVQVQGDNTSDLDFGAVQRGDPEMEQK,5031.84
YMVDPGRICISGDSAGGNLAAALGQQFTQDASLK,6115.4400000000005
IDEPLEGSEDRIITITGTQDQIQNAQYLLQNSVK,6107.82
VLELDTLVDNLSIDPSSGDIWVGCHPNGQK,6168.06
TPSSSQPERLPIGNTIQPSQAATFMNDAIEK,5916.606
TNISDEESEQATEMLVHNAQNLMQSVK,6150.36
EQMERDGCSEQESQPCAFIGIGNSDQEMQQLNLEGK,5631.066
TGQEYKPGNPPAEIGQNISSNSSASILESK,4726.368
EVAATEEDVTRLPSPTSPFSSLSQDQAATSK,5420.5560000000005
EGGSAAALSSSSSSSAAAAAASSSSSSGPGSAMETGLLPNHK,4736.292
TITYESPQIDGGAGGDSGTLLTAQTITSESVSTTTTTHITK,5667.636
AYTGFSSNSERGTEAGQVGEPGIPTGEAGPSCSSASDK,4251.618
TALLDAAGVASLLTTAEVVVTEIPK,6463.8
FQSAAIGALQEASEAYLVGLFEDTNLCAIHAK,6283.9800000000005
SNSGSFSGCESASFESTLSSHCTNAGVAVLEVPK,5574.06
EEQEVQATLESEEVDLNAGLHGNWTLENAK,6066.6
INSSPNVNTTASGVEDLNIIQVTIPDDDNERLSK,6033.06
VMDDPTVHPCEPANQSSDYDSTETDESK,3571.422
VLAAQETHEGVTEDGIEDAFEVLGEIQEIVK,6308.76
SVGSTQQTLENISNIAGNGSFSSPSSSHLPSENEK,5367.156
VADEDDVDNEEAALLHEEATMTIEELLTR,6251.4
DSTLIMQLLRDNLTLWTSDMQGDGEEQNK,6313.62
EAESCDCLQGFQLTHSLGGGTGSGMGTLLLSK,6052.02
QSSDFDTQSGFSINSQVFAADGASTETSASGTSQGEASTPEESRDGK,5316.588000000001
DGVADVSIEDSVISLSGDHCIIGR,6102.72
QLQQAVTGISNAAQATASDDASQHQGGGGGELAYALNNFDK,5874.552
EDYPHTQGDFSFDEDSSDALSPDQPASQESQGSAASPSEPK,4842.21
GGVEVLESCQGSSNGAQDQEASEQFGSPVAERGK,4366.314
VATMLQQQYDPQSQAEDQSPDSGDLLGRK,4773.666
AVSLCHTVQISNVQTDCTGDGPWQSNLAPSQLEYYASSPDEK,5938.158
QDPGTDRTEDSGLAAGPPEAAGENFAPCSVAPGK,4697.099999999999
LVVWEAAQNGADEGTELASNTHNIAQDLSNK,5936.694
TDSCDVNDCVQQVVELLQERDIVPVDASYEVK,6198.0
QYPANQGQEVEYFVAGTHPYPPGPGVALTADTK,5849.898
QEEMNSQQEEEEMETDARSSLGQSASETEEDTVSVSK,4900.884
AQGPAASAEEPKPVEAPAANSDQTVTVK,3630.456
TEGNAFSPLHCAVINDNEGAAEMLIDTLGASIVNATDSK,6276.179999999999
NMITGTSQADCAVLIVAAGVGEFEAGISK,6291.719999999999
QNGATSYSSVVADSPAEVALSSSGGNNASSQALGPPSGPHNPPPSTSK,5075.562
EETLQQQAQQLYSLLGQFNCLTHQLECTQNK,6314.82
AYSQEEITQGFEETGDTLYAPYSTHFQLQNQPPQK,5994.198
QTRPVQSWLCDPDAMEQGETPLTMLQSQVPNIVK,6157.68
DPTSLLGVLQAEADSTSEGLEDAVHSR,6223.08
DIREQSETTAEGGQGQAQEGPAQPGEPEAEGSRAAEE,3421.548
IESDTEETQDTSVDHNETGNTGESSVEENEK,2937.798
EGEAAAVEGPCPSQESLSQEENPEPTEDERSEEK,3839.952
AEVTEEVEDGKEEDEEEETENSLPIPASK,4568.478
SCNCVTELDGQVENLHLDLCCLAGNQEDLSK,6083.1
VDEFPLCGHMVSDEYEQLSSEALEAAR,6103.74
LNAQTEISEQTAAGELDGGNDVSDLHSSEETNTK,4721.268
TTVLAMDQVPRVTIAQGYDALSSMANIAGYK,6177.06
NCTTLAGTGDTNNVTSSSFTESTFNEPGGLCIGENGELLYVADTNNHQIK,6063.6
AGSSAAGASGWTSAGSLNSVPTNSAQQGHNSPDSPVTSAAK,4309.134
YSLADQTSGDQSPLPPCTPTPPCAEMREDSAR,4847.526
DEIALVLFGTDGTDNPLSGGDQYQNITVHR,6163.679999999999
GQNGDDSSAGGDFPPPAEVEPTPEAELLAQPCHDSEASK,5337.5160000000005
GGPTSHPSPVPPPASSPSPLSGSALCGGK,4381.518
ETTYTEQSHEELGEAGEASQTETVSEENK,3570.246
KPTPIQLNPAPDGSAVNGTSSAETNLEALQK,4978.662
EEPQNYTDSSSSSTESSQSSQDSQPVVHVIASR,4087.524
QAPGGHELSCDFWELIGLAPAGGADNLINEESDVDVQLNNR,6215.52
AQGPAASAEEPKPVEAPAANSDQTVTVKE,3725.232
DEALEQNIQALEENHQTQEQESLVQEDK,5227.026
EAAAAEPPRENGLDEAGPGDETTGQEVIVIQDTGFSVK,5644.854
VPTEENEMSSEADMECLNQRPPENPDTDK,4252.224
ELSTNAFQAFTSGNYDACLQHLACLQDINK,6124.2
DSEDNPQTLLFSATCPHWVFNVAK,6156.9
EELRGGGGDMAEPSEAGDAPPDDGPPGELGPDGPDGPEEK,4389.012
QGMDLSANQDEETDQETFQLEIDRDTK,5175.108
TAMSTPHVAEPAENEQDEQDENGAEASADLR,3912.912
SDQLTPQGHVAVAVGSGGSYGAEDEVEEESDK,4562.598
DSTLIMQLLRDNLTLWTSENQGDEGDAGEGEN,6358.38
ENSSSSSTPLSNGPLNGDVDYFGQQFDQISNRTGK,6055.620000000001
LLQHPSICSDPTEEPTALTAGQSTSETQEGGK,4397.22
DQAVAVQHSVEEITDNYPQAIVYPFIISSESYSFK,6220.2
EEQQGCAGDGGEDRVEEMVIEVGEMVQDWAMQSPGQPGDLPLTTGK,6365.46
AAFTTPDHAPLSPQSSVASSGSEQTEEQGSSR,4087.524
FEGEPATHTQPGVQLQSNTYDLQESNVR,4468.758
ILQMEEEYIQQLCEDIIQLKPDVVITEK,6245.22
TSSSEAHIPDQETTSLTSGTGTPGAEAEQQDTASVEQSSQK,4087.524
AICTCPSGYTGPACSQDVDECSLGANPCEHAGK,4224.78
APDACELSVQPNGGCEYLCLPAPQISSHSPK,5512.728
LCYVALDFEQEMATAASSSSLEK,6150.0
MQVDQEEPHVEEQQQQTPAENK,3165.948
VPEVTKPSLSQPTAASPIGSSPSPPVNGGNNAK,4437.204
ATEVEECQQSENAPAAGSGHLTVGQQQQVLR,3929.688
SSGISSQNSSTSDGDRSVSSQSSSSVSSQVTTAGSGK,3083.232
AEEDRPLEDVPQEAEGNPQPSEEGVSQEAEGNPR,4166.508
QFDELCIPFVVIPATVSNNVPGSDFSVGADTALNTICTTCDRIK,6232.799999999999
EGETQGVAFEHESPADFQNSQSPVQDQDK,4351.788
EGCQSDSMRQEQSPNANNDQPEDLIQGCSESDSSVLR,4661.472
AVQAQGGESQQEAQRLQAQLNELQAQLSQK,6050.76
GPEGGEGAECGGASEGGEGQNGGDAAPARPPAGEPR,2930.82
QLSQATAAATNHTTDNGVGPEEESVDPNQYYK,4178.688
DEDEEDEEDKEEDEEEDVPGQAK,3050.004
DLGHPVEEEDELESGDQEDEDDESEDPGK,4040.76
ANDGGLAAGAPAMHMASYGPEPCTDNSDSLIAK,5183.796
EDKPPLAPSGGTEGPEQPPPPCPSQTGSPPVGLIK,4975.08
QAAAAASSGETPHQVGQTQGPISGDTSK,2999.508
SEATQEQYTESEEQLVASEEQPSQDGKPDLPK,4593.816
INDQFAGYSQQDSQELLLFLMDGLHEDLNK,6267.599999999999
NLCNNTGDPEMCPENGSCVPDGPGLLQCVCADGFHGYK,5877.618
EGANINAQSQNGFTPLYMAAQENHIDVVK,5865.372
DGRFVNPSGQPTPYATTQLIQSNLSNNMNNGSGDSGEK,5564.622
FLTALAQDGVINEEALSVTELDRVYGGLTTK,6171.3
NNVNVASLTQSEIRDIILGMEISAPSQQR,6219.0
LLQIAGISPHGNALGASMQQQVNQQIPQEK,5486.454
SVDYPCLLRPSYVLSGSAMNVVFSEDEMK,6146.94
SQIHMPGVGDFAVSDISFLPDPCALPEQQK,6151.62
DFCVHGGAGGGAGSSGGSSSQTPSTDPFPGSPAIPAEK,4961.4
LGVNNISGIEEVNMFTNQGTVIHFNNPK,6077.88
AETDVEEIYHPVMCTECSTEVAVYDK,5217.798000000001
DGDTQTDAGGEPDSLGQQPTDTPYEWDLDKK,5024.076
LQNYGELGPGTTGASSSGAGLHWGGPTQSSAYGK,4881.648
LDPQLQLHCSDEISSLCAEEAAAQEQTGQVEECLK,5910.792
FSVSQHPLIGSTAVGSQCPFLPSEQGNNEETISSVDELK,5958.642
ETPALTINRLCGSGFQSIVNGCQEICVK,5930.664
IPSVTSGTTSSSNTMVAPTDGNPDNKPIK,4050.87
ACEPIIQNFCHDVADNQIDSGDLMECLIQNK,6115.4400000000005
VTDETSGCSLTCAQFHPDGLIFGTGTMDSQIK,6019.2
TVDLQDAEEAVELVQYAYFK,6259.860000000001
VDSDDQWGEYSCVFLPEPMGTANIQLHGPPR,6107.82
LAEGEEEKPEPDISSEESVSTVEEQENETPPATSSEAEQPK,4294.686000000001
SSQTSQNQGLGRPTLEGDEETSEVEYTVNK,4269.618
GAEISEENSEGGLHVDLAQIIEACDVCLK,6144.72
QSYAPAPHPMAPPSPSTNSSSNNSSNNSSGEQLSK,3669.21
DSTLIMQLLRDNLTLWTSDQQDDDGGEGNN,6371.94
ETENNVEKPDNDEDESEVPSLPLGLTGAFEDTSFASLCNLVNENTLK,6253.5
EEAVQTFNYLCDLIESNHPIVLGPNNTNLPK,6185.46
AGEPNSPDAEEANSPDVTAGCDPAGVHPPR,3886.668
EMEENFAVEAANYQDTIGRLQDEIQNMK,6144.72
ITEDFIATYQANYGFSNDGASSSTANVEDVHAR,5554.14
NTNTPNNWDTAFGHPQAYQGPATGDDDDWDEDWDGPK,5762.07
NSLVSPAQEPAPLQTAMEPQTTVVHNATDGIK,5456.7
DEEEDQTLVNLDTYTSDLHFQVSK,6091.2
AAAATGGTGPGAGIGAATGTGGSSEPSACSDHPIPGCSLK,4181.04
CEFCGCDFSGEAYESHEGMCPQESVYCENK,4727.322
VEEEDDAEHVLALTMLCLTEGAK,6219.0
VSDTVVEPYNATLSVHQLVENTDETYCIDNEALYDICFR,6148.92
QQQPPPPPPQPPQIPEGSADGEPKPK,3973.536
DMAIATGGAVFGEEGLTLNLEDVQPHDLGK,6137.88
GGTMTDLDEQEDESMETTGKDEDENSTGNK,3642.264
TLPYLVSNVIELLDVDPNDQEEDGANIDLDSQRK,6267.599999999999
NSSLSASPTSQQSSASLAAATAATEAGPSATKPPNSK,4348.548000000001
AESSAGDGPVPYSQGSSSLIMPRPNSVAATSSTK,4814.238
MVSSSTENNGPQTVWTGPWAPHMNSVHMNQLG,5909.9580000000005
GAEPETGSAVSAAQCQVGPTRELPESGIQLGTPR,4953.504000000001
QGTFCVDCETYHTAASTLGSQGQTGK,4374.666
GPPAATATSAAAAAAATGAPATSSSDSGGGGGCRETAAAAEEK,3938.226
DFSALESQLQDTQELLQEENRQK,6110.04
TEVPGSPAGTEGNCQEATGPSTVDTQNEPLDMKEPDEEK,4354.638
QSLVPAHPMAPPSPSTTSSNNNSSSSSNSGWDQLSK,4778.196
HEEFCVPMVMVPATVSNNVPGSDFSIGADTALNTITDTCDR,6173.46
CDDCASGYFGNPSEVGGSCQPCQCHNNIDTTDPEACDK,4317.384
CEECGLLLSSEGECQGCYPLDGHILCK,5640.072
LMPSAPVNTTTYVADTESEQADTWDLSERPK,5535.696
SEGSTPADGLPGEAAEDDLAGAPALSQASSGTCFPRK,5315.639999999999
QQPTQAAVCAANIVSQDGEQNGLMGRVDEGVDEFFTK,6123.839999999999
NSSDGLTSLNQSNSTLVALPEGRQELSDGQVK,5198.43
NLLTDVLLESPVDGWQVVEAQGEDNMETEHGSK,6217.68
MRVDSSADPTMSQEQGPGSSTPPSSPTLLDALLQNLYDFGGTEGETEQK,6284.82
VNEAAPEKPQDDSGTAGGISSTSASVNR,3153.396
TKPLASVTNANTSSTQAAPVAVTTPTVSSGQATPTSPIK,4740.654
IGDVVLSIDGINAQGMTHLEAQNK,5899.74
EASDGTGASQEPPTTDSQEAQSPGHSSAGQEGEDTLR,3164.4660000000003
SANNLTMNCCENCGGYCYSGSGQCHMLQIEGQSK,4559.016
DEYERNQMGDSNISSPGLQPSTQLSNLGSTETLEEMPSGSQDK,5603.424
TGASYYGEQTLHYIATNGESAVVQLPK,5988.258
YDCGEEILITVLSAMTEEAAVAIK,6494.28
TEEGRQALEPLPQGIQESLNNSSPGDLEEVVK,5937.786
ADNNIDANEETLETDDTTICSDRPPENEK,4134.378
TDEFQLHTNVNDGTEFGGSIYQK,5021.987999999999
VDINTEDLEDGTCRVTYCPTEPGNYIINIK,5915.376
DIENQYETQITQIEHEVSSSGQEVQSSAK,6063.6
QEVESHEEVDLELPSTENEYVSTSEADGGGEPK,4981.614
GGSGGSYGGGGSGGGYGGGSGSR,2194.314
VAAAPDEDLDGDDEDDAEDENNIDNRTNFDGPSAK,4236.96
QALTSCGFDCLETSIGAPGVSIHSATSLDSR,5898.972
LASTGTSEYAAYDQNITPLHTDFSGSSTERI,5375.82
SGGSGGCSGAGGASNCGTGSGR,1705.32
DNLLDTYSADQGDSSEGGTLARGEEEEK,4497.701999999999
ENGIHEEQDQEPQDLFADATVELSLDSTQNNQK,6089.94
EEIQDEEDDDDYVEEGEEEEEEEEGGLRGEK,4599.882
STNQQTATDVSTSSNIEESVNHMDGESLK,4504.464
GGPGSAVSPYPTFNPSSDVAALHK,5065.746
FTLDCTHPVEDGIMDAANFEQFLQER,6172.14
SVTSNQSDGTQESCESPDVLDRHQTMEVSC,4050.87
SETDSTIEVDSVAGELQDLQSEGNSSPAGFDASVSSSSSNQPEPEHPEK,6013.2
LRTQDDGEDENNTWNGNSTQQM,3623.754
LNSSSSSSSNSSNEREDFDSTSSSSSTPPLQPR,3596.04
SSPCHSQLLEAQTPEASQASPCPAVTPSAPSAALPDEGSR,4843.158
DSPNLAQLQQASRGVNQATAGVVASTISGK,5967.12
EFEVKDPELEAQGDDMVCDDPEAGEMTSENLVQTAPK,5587.662
AQESGQGSTAGPLRPPPPGAGGPATPSK,3472.422
DVYPSCSSTTASTVGNSSSHNTASQSPDFVR,4058.25
DGEDQTQDTELVETRPAGDGTFQK,4021.416
DTAEDSSTADRWDDEDWGSLEQEAESVLAQQDDWSTGGQVSR,6181.92
TVNELQNLSSAEVVVPRDQTPDENDQVVVK,5269.4220000000005
SAVVHDITDDGQEETPEIIEQIPSSESNLEELTQPTESQANDIGFK,6079.92
ECENCDCLQGFQLTHSLGGGTGSGMGTLLISK,6047.46
VDIVAINDPFIDLNYMVYMFQYDSTHGK,6337.92
IEVQDTSGGTTALRPSASTQALSSSVSSSK,4256.58
SSGNSSSSGSGSGSTSAGSSSPGAR,1721.904
GAGFNQNNGAGSENFGLGVVPVSASPSSVEVHPVLEK,5945.586
KNEPEDEEEEEEEEDEDEEEEDEDEE,3151.386
TFGGFASSSFGEQKPTGTFSSGGGSVASQGFGFSSPNK,5637.3
AMEQINSCTALQHLDLSDNNISQIGDLSK,5972.718
CPEALFQPSFLGMESCGIHETTFNSIMK,6124.8
DSSGQEDETQSSNDDPSQSVASQDAQEIIRPR,4435.536
NAAFGQSGGAGSDSNSPGNVQPNSAPSVESHPVLEK,4112.538
KEGEEEEENTEEPPQGEEEESMETQE,3342.384
EAIQCVDNNQSVLVSAHTSAGK,3854.436
QVPGGGGGGGSGGGGGSGGGGSGGGR,1814.808
LVDPLGEMLAPSWEEHATCLANAEEQDMQR,6137.16
CEDCGGLLSEGDNQGCYPLDGHILCK,5306.862
NNIVDAANNHSAPEVLYGSLLNQEELK,5968.128
KEEEEDEEDEEDEEEEEDEEDEDEEEDDDDE,3123.246
EDGGCTIWYNEMQLLSEIEEHLNCTISQVEPDIK,6339.96
WGDAGAEYVVESTGVFTTMEK,6117.3
AEEATEAQEVVEATPEGACTEPREPPGLIFNK,5322.701999999999
MQDFDGQVVQVACGQDHSLFLTDK,5694.06
ADDICDHTLEQQQMQPLCFNCPICDK,5354.946
ENCPACSQLPQNIQFSPSAKLQEVLDYLTNSASLQMK,6259.860000000001
LVCSGENDNHGQIANLPSAVTSDQK,4163.706
DSDQVAQSDGEESPAAEEQLLGEHIK,4844.106
LPIQLQALSLPLVVIVHGNQDNNAK,6231.719999999999
VEECVQTSNNNISTQHSCLSSQDSVNTSR,3381.402
EQQNISPVVEEEPEFSLPQPSLHDLTQDK,6034.56
QNPFNEEPAETVSSSDTTPVHTTSQEK,4045.566
VVEREEAVPEASPVTQAGASVITVETVIQENVGAQK,6136.8
NDGTFSDTSSAIIPSTHMPDANSEFSSGEIQMK,5619.27
GPEEASSEVQDTNEVHVPGDQDEPQTLGK,4133.202
GGVSAVAGGVTAVGSAVVNKVPLTGK,5712.342
TSTVDLPIENQLLWQIDREMLNLYIENEGK,6293.7
DIPNENEAQFQIRDCPLNAEAASSK,4814.238
QQQDFSASSTTILDEEPIVNRGLAAALLLCQNK,6163.679999999999
SSGPPPPSGSSGSEAAAGAGAAAPASQHPATGTGAVQTEAMK,3574.212
ESSVSVTSPSGVSSSTSGGVSSTSNMHGSLLQEK,4256.58
QNNLCLEQGDVTVPGSSLGTEIWESSSQALPVQAPANDSWRK,6117.3
AAEQILEDMITIDVENVMEDICSK,6413.4
QTQFGGLNTPYPGGLNTPYPGGMTPGLMTPGTGELDMRK,6074.52
QTQAASASQGSASAAEVLLRTATANGFQMVTSGVQSK,6146.58
ALVLDCHYPEDEVGQEDEAESDIFSIR,6037.86
ESPRPLQLPGAEGPAISDGEEGGGEPGAGGGAAGAAGAGR,4712.904
NLVFSSSATVYGNPQYLPLDEAHPTGGCTNPYGK,5880.594
ASAVESLRPSQQAPSGSDLANPQAQK,3808.872
NQALNSTNGELNADDPTAGHSNAPITAPAEVEVADETK,4784.603999999999
AQPLEDLAGFTELSETSGHTQESLTAGK,5968.128
ESSNNEQDNSLLEQYLTSVQQLEDADERTNFDTETR,6163.32
ENGTDTVQEEEESPAEGSKDEPGEQVELK,3748.068
DVNGQESTPGIVPDAVQVHTEEQQK,4397.22
DDQVTVIGAGVTLHEALAAAELLK,6233.52
TSENLALTGVDHSLPQDGSNAFISQK,5124.342
NVNTALNTTQIPSSIEDIFNDDRCINITK,6119.1
VLETPQEIHTVSSEAVSLLEEVITPR,6281.76
EQFMENHNPINSATSISNIISIETPNTAPSSK,6035.04
IQPGSQQADFLDALIVSMDVIQHETIGK,6318.4800000000005
VNFSEEGETEEDDQDSSHSSVTTVK,3501.282
ALSSSASELSNLSSLNGHLESNNNYSIK,5304.342
NSQQDLNTPDTRPAGLEEADQPPLPGEQGINLDNSGPK,5150.04
VETELQGVCDTVLGLLDSHLIK,6252.78
DSAHLMNGPISQTTSQTSSIPPLSQVPATK,5325.606
LQAAATLTEVANGIESLGVKPDLPPPPSK,6142.98
VEMLDNLLDIEVAYSLLRGGSDDSSK,6249.54
DNTTLLTQVQTTMRENLATVEGNFASIDER,6238.679999999999
SENVQDLLLLDVTPLSLGIETAGGVMTVLIK,6472.56
SENVQDLLLLDVAPLSLGLETAGGVMTALIK,6479.52
VPGVTAIDLDEDTCTFHIYGEDQDAVK,5904.276
CCGLVNGAADWGNNFQHYPELCACLDK,5882.634
LQDAFSSIGQSCHLDLPQIAVVGGQSAGK,6055.620000000001
SGGGTGEEPGSQGLNGEAGPEDSTRETPSQENGPTAK,3180.222
SSSSTTASSSPSTVIHGANSEPADSTEMDDK,3512.0220000000004
NPVQEQTYQHEEDEEDFYQGSMECADEPCDAYEVEQTPQGFR,5269.4220000000005
EGGQYGLVAACAAGGQGHAMIVEAYPK,5083.122
TLVLSNLSYSATEETLQEVFEK,6204.12
ITETGAVKPTGECSGEQSPDTNYEPPGEDK,3505.824
AEEITSDAAYVIQDLATLFEELQREK,6397.02
EGICALGGTSELSSEGTQHSYSEEEK,4211.766
SQQVNNFTSNDVDMETDHYSNGVGETSSNGFLNGSSK,4865.682
EENMESVPLHLSLTETQSQGLCLQK,5721.372
DEPGEQVELKEEAEAPVEDGSQPPPPEPK,4321.2660000000005
VEAPSLDVHMDSPDINIEGPDVK,5575.902
SQGDMQDLNGNNQSVTR,3041.646
YGEVEEMNVCDNLGDHLVGNVYVK,5563.889999999999
QIPVLQTNNGPSLTGLTTIAAHLVK,6159.24
SAQPSPHYMAAPSSGQIYGSGPQGYNTQPVPVSGQCPPPSTR,4656.773999999999
DVVVINLQNHEENLCPEYPVFCPNNCAK,5963.988
ETENNQMTSESGATAGRQEVDNTFWNGCGDYYQLYDK,5471.166
VNPPGIMSILDDVCATMHAVGEGADQTLLQK,6314.82
NLSVQVSEANLIGTGTSEHWVDDEGPQPK,5563.889999999999
YCADQQPENHEVDTSVSGAGCTTYK,3344.286
NSGQIEVVPEVSVSSSHSSVSSCLEMK,5036.484
SACVLVSDILGSATGDVQPTMNAIASLAATGLHPGGK,6269.94
VQDDEVGDGTTSVTVLAAELLREAESLIAK,6421.9800000000005
GQYQGLSQDPNSLSNLDQDLPNNMIHQVPIK,6010.86
CEAEEAEPPAATQPQTSETQTSHLPESER,3513.402
ETFASTASQLHSNVVNYVQQIVAPK,6110.9400000000005
DGDVTVTNDGATILSMMDVDHQIAK,6110.9400000000005
LEQQQSAGGDAEGGGDDGDEVPQIDAYELLEAVEILSK,6352.02
LAGIENQSLDQTPQSHSSEQIQAIK,4288.668
EPPPPGRQPPPAPPEQADGNAPGPQPPPVR,3825.306
QGASVASGSGTVHTSAVSLPSMNAAVSK,4468.758
ETFGVNNAVYGIDAMNPSSRDDFTEFGK,6018.839999999999
KEPEVTVVSQPTEPQPVLIPSININSDSGENK,5802.768
AAGSPSSSDQDEKLPGQDESTAGTSEQNDILK,3973.536
NMAEQIIQEIYSQIQSK,6296.46
RPCPYEQAQGGDGPEEQ,2776.956
ELSVQDQPSLSPTSLQNSSSHTTTAK,4240.176
SDSSEGFLQLPHQDSQDSSSVGSNSLEDGQTLGTK,5184.63
QGTAVEVEAESLDPTVKPVDVGGDEPEEK,5019.588000000001
DVQNTFYDIVAELGAMEHAQAVDYIK,6309.12
AQETEAAPSQAPADEPEPESAAAQSQENQDTRPK,3244.08
DAFEHIVTQFSSVPVSVVSDSYDIYNACEK,6196.68
LLYEIQNRDEQAFPALSSSSVNQSASQSSNPCVQR,5257.212
DVRPAPAEEPLPDDNQAIQLQTLK,5183.07
SQSVSVSGPGPGPGPGLCPGPNVLLNQQNPPAPQPQHLAR,5337.5160000000005
QQADFVDLSFPTISSTGPNGAIIHYAPVPETNR,6110.9400000000005
DGFVQDIQNDIHASSSLNGR,5881.542
VQQTPDGSQQSPDGTQLPSGHPLPATSQGTASK,3719.304
DANQTIQDSKPDSCEMNPNTQMTGNQLNLK,4420.89
ALMLQGVDLLADAVAVTMGPK,6352.02
LQAALDDEEAGGRPAMEPGNGSLDLGGDSAGR,4782.701999999999
SGQVYSFGCNDEGALGRDTSVEGSEMVPGK,4869.900000000001
NNNIDAAIENIENMLTSENK,6245.22
AVDGEGAPAPESSGEPAEDEGPTDTAEAGSDPQAEQLLEEQVPCGTAHEK,5038.53
LGQPAAEQLHAGPATEEPGPCLSQQLHSASAEDTPVVQLAAETPTAESK,5527.722
DSAAGGQADPPGPPLLSKPGDEDDAPPK,4354.638
ASMQLEETGVHAPGASQPSALDQSK,4138.866
LAAAISEVVSQTPASTTQAGAPPRDTSQSDK,4644.402
VNLSQDLEHQLQNIIQELNLEILPPPEDPSVPVALNIGK,6390.42
GFGEPVLPRPPSLIQNECGQGEQASEK,5331.828
ADCPPGNPAPTSNHGPDATEAEEDFVDPWTVQTSSAK,5441.568
SPYASLCQVEFGNFNNLSNHSGNNVNYNASQQCQAPGVQK,5494.338
LVNTLNTIPSLGQSPGPVVVSNNSSAHGSQR,5273.736
INQQESTDAAVQEPSQLISLEEENQRK,5021.148
GNSGLGFSIAGGTDNPHIGDDSSIFITK,5938.650000000001
SFVASNDEGVATVGLVSSTGPGGDRVLFVGK,5956.164000000001
LSSSDAPAQDTGSSAAAVETDASRTGAQQK,3455.478
ARNLQDGQISDTGDLGEDIASN,4477.374
DNQHQGSYSEGAQMNGIQPEEIGR,4256.58
DEALQNISADDLPDSASQAAHPQDSAFSYR,5266.788
MLFSPEEMDLSQEQPLDAQQGPPEPAQESLSGSESKPK,5897.544
GGQIGLQAPGLSVSGPQGHLESGSGK,4693.968
GQDGLQNDFLSISEDVPRPPDTVSTGK,6035.04
DTSENADGQSDENKDDYTIPDEYR,3989.874
VLSEDEEDVDFDIIHNANDTFTVK,5974.086
SCSGVEFSTSGSSNTDTGK,3130.812
AFEDWLNDDLGSYQGAQGNRYVGFGNTPPPQK,6046.02
RLQMEGEGGGETPEQPGLNGAAAAAAGAPDEAAEALGSADCELSAK,5872.2480000000005
DSETGENIRQAASSLQQASLK,4824.042
EEVSGSSAAVTENADSDRISDEANSNFNQGTENEQSK,3899.79
MICEYSEEVTPIAVEMTQHLAMTFNQVIQTGPDEEGSDDK,6262.08
NTVLCNVVEQFLQADLAREPPADVWTPPAR,6257.22
QMGYQCFVSFFDLRDPSQIDNNEPYMK,6153.72
GGAAPEGPNEAEVTSGKPEQEVPDAEEEK,3649.872
NYDYSEPGRNNEQPGLCGLSNLGNTCFMNSAIQCLSNTPPLTEYFLNDK,6213.9
QVASPFTLIIDDPSGNSFVENPHAPQK,6088.38
QADIGNLDDFEEDNEDDDENRVNQEEK,4493.304
QLGIPTANFPEQVVDNLPADISTGIYYGWASVGSGDVHK,6262.08
DTVATQLSEAVDATRGAVQSGVDK,5822.52
ASNDQRPQEVPAEALAPAPAEVPAPAPAAASASGPAK,4879.518
AEDGSVIDYELIDQDARDLYDAGVK,6106.38
AQEAPGQAEPPAAAEVQGAGNENEPREADK,3444.3
DELILEGNDIELVSNSAALIQQATTVK,6243.72
QHSSFGYGGLQGPASGLNACQYNS,4912.242
EESQQMVLDIEDLDNIQTPESVLLSAVSGEDTQDRTDR,6231.719999999999
DVTLTSPLLVNLLQSDISAGHFGVNNK,6227.82
EFDQLDQENDDGWAGAHEEVDYTEK,4789.518
EQELQQTLQQEQSVLDQLRGEAEAAR,6077.88
GYTSWAIGLSVADLAESIMK,6339.96
TPVVQNAASIVQPSPAHVGQQGLSK,4401.005999999999
DSPQSADCNQEIATSHNIVYCGGVLDK,4691.76
TSSVVEEHFQASVSPTEAAPPATGDQSPGLGTQPK,4683.558
SNNGTDVNAGQIPQLLYRLPTSDGSASK,5795.82
GGSGGGGSISGGGYGSGGGSGGR,2365.596
EPSAPSIPTPAYQSSPAGGHAPTPPTPAPR,4583.7
LVSQTGPVHAPIFTMSVEVDGNSFEASGPSK,6007.98
SATEQSGTGIRSESETESEASEITIPPSTPAVPQAPVQGEDYGK,5148.462
QCLAEAEQDEQLPPELQEEAAAAAQPEHK,5178.126
FNIDGNNERPSPPPNVDYPLDGEK,4833.6
SSQREEGDNEEEEYFVAQGQQ,4024.2
FEPTVFRDTLVQGLNEAGDDLEAVAK,6168.9
DEDDDLVSPPNTEGNQWYDFLQNSSHLK,6118.32
VAAEGPAPLPTREPEQEQSPGTSTPESK,3625.05
CESDNTTNGCGLESPGNTVTPVNVNEVKPINK,4580.316
DLVSSLTSGLLTIGDRFGGALDAAAK,6338.9400000000005
SLTSATSTSNIQSSASQPPRPQQGQVK,3425.424
LNQVCFDDDGTSSPQDRLTLSQFQK,5196.246
GGGGGQDNGLEGLGNDSR,3309.42
DCFGLYGEPSEGTTGQAESSCHPGEQK,4165.104
QNQPTAIIQVEDQNTGAIENIIVEVK,6132.360000000001
NTTVSGAGVPGPLPDFGLEESGHSNSTITTSSTR,5474.286
SVQSLATGPAGDPGCQTCAACGPGPHGPPGDTDTK,3868.134000000001
DGAVNGPSVVGDQTPIEPQTSIERLTETK,5543.706
VSASTVPTDGSSRNEETPAAPTPAGATGGSSAWLDSSSENR,4532.400000000001
AAEAAAAPAESAAPAAGEEPSKEEGEPK,3071.166
CIEVMGDGCLNNEHFEELGGILK,6031.38
GVEITGFPEAQALGLEVFHAGTALK,6169.26
ASLQSQLPEGVPQHQLPPQYQK,4460.496
EGDVEEPTDDSLPTTGDAGGREPMEEK,3948.942000000001
EPVTTPCGHNFCGSCLNETWAVQGSPYLCPQCR,5535.324
TLCEEEEEGQGRPQQAVASPSNAEDTSPAPVSAPAPPAR,4096.77
SSFNVSDVARPEAAGSPPEEGGCTEGTPAK,4187.5740000000005
FLENGSQEDLLHGNPGSTYLASNSTSAPNWK,5441.568
LLPCLHSACSACLGPAAPAAANSSGDGGAAGDGTVVDCPVCK,5065.746
GTTSYNEVADELVAEFSAADNHILPNESAYDQK,6175.620000000001
VNDLLWNADSSVLAVWLEDLQREESSIPK,6308.76
LEGLTDEFEELEFLSTINVGLTSIANLPK,6402.360000000001
SMQPGSDQNHFCQPTDVAVDPGTGAIYVSDGYCNSR,5168.1
GVGIISEGNETVEDIAARLNIPVSQVNPR,6142.98
TELDSFLIEITANILK,6407.28
AADSQNSGEGNTGAAESSFSQEVSREQQPSSASER,3739.584
SSGSPYGGGYGSGGGSGGYGSR,3052.794
EAIVTSEELGQDLEHVEVLQK,5942.928
IIPTLEEGLQLPSPTATSQLPLESDAVECLNYQHYK,6126.66
EQALSTLQLEHTSTQALVSELLPAK,6112.740000000001
QENSFSSCQLSQQPLGPAHPFNPSLAAPATNHIDPCAVAPGPPSVVVK,5839.0380000000005
ELQQAQTTRPESTQIQPQPGFCIK,4385.718
DAEALAAAQQHFNAVSAGLSSNEDGAEATLAGQMMACK,6068.64
NSGQNLEEDMGQSEQK,3115.89
EFAPATPPSTPHNSSVGSLSENEQNTIEK,4254.234
NGADYAVYINTAQEFDGSDSGARPDEAVSWGK,5810.388
DSLASNIVNLTPQNQPHPTATK,4872.606
AQLEPLQQHLQDSQQEISSMQMK,5085.822
VEILANDQGNRTTPSYVAFTDTER,4877.226
DEGEETLNYPDTTIDLSHLQPQR,5577.696
LVLEQVVTSIASVADTAEEK,6253.5
NGEDYICPNCTILQVQDETHSETADQQEAK,5018.724
ALQQEQEIEQRLQQQAALSPTTAPAVSSVSK,5359.566
NALPPVLTTVNGQSPPEHSAPAK,4527.215999999999
DQATENTSPLNTPHTSANLVMTPQGQLLTLK,5881.542
DIIEHLNTSGAPADTSDPLQQICK,5376.546
YSNVIFLEVDVDDCQDVASECEVK,6111.78
DGSGDSHPDFPEDADIDLK,4907.034000000001
DGSCSVEYIPYEAGTYSLNVTYGGHQVPGSPFK,6063.24
SVVIDCSSSQPQFCNAGSNRFCEDWMQAFLNGAK,6132.360000000001
VILNPVNAGQPLHASNYELSDNAGCK,4894.338
NLPDEEIFQQLNQLNSLHQETIMK,6127.62
GIASTSDPPTANIKPTPVVSTPSK,4141.326
NSPVFELLPCGIIQGEPGAQPQLITFHPSFNK,6171.3
DQPDGSSLSPAQSPSQSQPPAASSLREPGLESK,4313.7
EDELNSVDDIHFLVLQNLIQSTLALSDSQMK,6339.96
NSQVGSDNSSILLFDSTQESLPPSQDIPAIFREGMK,6142.98
ELDGFLSILCNNLHELQENTICSLVESQK,6329.759999999999
QIPFPSGTPLHANSMVSENVIQSTAVTTVSSGTK,5947.656
QLPLEPESPSGQVGPRPAPPQEESPSSEAK,4374.666
GSVSQPSTPSPPKPTGIFQTSANSSFEPVK,5065.746
TVNELQNLTAAEVVVPRDQTPDENDQVIVK,5682.06
EAEETNGGAQIQPLPADCGISSATEKPDSK,4179.858
DESLCLSSSCEGAAGTPRPAGEPAWVTQFVQK,5942.04
ASLEGNLAETENRYCVQLSQIQGLIGSVEEQLAQLR,6328.38
SQLNCLLLSGRDNWEDEPQEPQEPNK,5255.67
EKEEVAEEAQSGGD,2297.376
FPLAGLEENYCRNPDNDENGPWCYTTDPDK,5780.04
VADGLPLAASMQEDEQSGRDLQQYQSQAK,5022.942
LNSDPQFVLAQNVGTTHDLLDICLK,6110.9400000000005
THLCDVEIPGQGPMCESNSTMPGPSLESPVSTPAGK,5450.382
NQGGYGGSSSSSSYGSGR,2244.228
GEETPVIVGSALCALEGRDPELGLK,6129.12
ELASQPDVDGFLVGGASLKPEFVDIINAK,6156.9
DQPQNVSENLLPQNAPNYWYLQGLIHK,6124.2
TSEQLDQPISACCFNHNGNIFAYASSYDWSK,6058.56
ELGVGQMDWGNNLGLRDLEVTCDPDSGGSQGLR,6082.62
VLGPYTFSICDTSNFSDYIRGGIVSQVK,6127.62
YIQTDSGPYCVPCYDNTFANTCAECQQLIGHDSR,5539.728
SLSDVAQAQELCGGPVPGEAPNGQGCLHPGDPR,4789.518
VCAGDDVQTGGPGAEEMRINSSTENSDEGLK,4063.62
SEQSHVEQGGVQVEFVGDSEPCGQTGSTSTSSSR,4102.764
SPQPPVEEEDEHFDDTVVCLDTYNCDLHFK,5704.59
SEGSSCALESPGSVPVGICHGSLGEPQGNQGK,4573.326
QQVPSGESAILDRVADGMVFGALLPCEECSGQLVFK,6209.04
SSPGQPEAGPEGAQERPSQAAPAVEAEGPGSSQAPR,3571.422
ELEAVCQDVLSLLDNYLIK,6353.34
DDGDSMCGGPGMSDPRAGGDATDSSQTALDNK,3747.348
NTAPVNTVMDSPVHLEPSSQVGVIQNK,5181.168
DAGVQPEEISYINAHATSTPLGDAAENK,5152.536
DGGPQGFTQQPLRPNLVETSCPNIR,5075.964
EDLTDLEQPGSPGYSTATEPGSSELGVPEQPDLQEGTHVEK,5403.126
FTASAGIQVVGDDLTVTNPK,5551.986
DLADELALVDVIEDK,6242.639999999999
NLGIESQDVMQQATNAILRGGTILAPTVSAK,6192.84
SAAQAAAQTNSNAAGK,1892.976
TLIFESECTPQSQFSIHASSNVNK,5068.848
NNWNDVDDFNWLAR,6116.339999999999
EREDESSSMFDEYFQECQDE,5602.362
EAYMGNVLQGGEGQAPTRQAVLGAGLPISTPCTTINK,5910.792
ASFEEASNQLINHIEQFLDTNETPYFMK,6280.68
ELPASLVNGLQPLPAHQENGFSTNGPSGDK,5658.3240000000005
GENPFEIQDHSQDQQIEGDEEDEEK,4239.336
RAQTGSGGADPTTDVSGQS,2450.706
QQSTAVVTVIVQPENNRPPVAVAGPDK,4985.994000000001
QGQIITCPAVCNFQTGEYVVVHDNK,5293.812
QQSSCNPVTGQCECLPHVTGQDCGACDPGFYNLQSGQGCER,4978.662
STPSGFTLDDVIQTGVDNPGHPYIMTVGCVAGDEESYEVFK,6142.02
TASTPTPPQTGGGLEPQANGETPQVAVIVRPDDR,4980.924
NGNYCVLQMDQSYKPDENEVR,4858.104
QGSLINSLKPSGPTPASGQLSSGDK,4442.802
YLNQDYEALRNECLEAGTLFQDPSFPAIPSALGFK,6186.179999999999
GTVLALTENNFDDTIAEGITFIK,6226.62
NVGNAILYETVLTIMDIK,6362.16
SVDEVFDEVVQIFDK,6311.339999999999
ICDQISDAVLDAHLQQDPDAK,5004.024
EDEGEIQPENKEDSIENVRETDSSNC,3599.832
ALNSASTSLPTSCPGSEPVPTHQQGQPALELK,4718.148
TTQVPQFILDDFIQNDRAAECNIVVTQPR,6135.54
LSSPPGKPEDSSSVDGQSVGTPVGPETGGEK,3704.208
SGETEDTFIADLVVGLCTGQIK,6273.18
VPGVTAIELDEDTGTFRIYGESADAVK,5971.661999999999
ECDQGTLSASLNPSNSESSPSRCPSDPDSTSQPR,3825.306
GDPGEAGPQGDQGREGPVGVPGDPGEAGPIGPK,4278.7080000000005
TSVQFQNFSPTVVHPGDLQTQLAVQTK,5722.782
AAEAAPPTQEAQGETEPTEQAPDALEQAADTSRR,4306.416
QQQPQVQYYQHLLQPIGPQQPPPQPR,5354.946
VQFNLQFTKPNASLGDVQSGATISMPCSTDK,5862.432
DDCVNTVTGISSGTDGFRSENDTNWDPQK,4892.55
EVGDGTTSVVIIAAELLK,6288.3
SGQAGYVPCNILGEARPEDAGAPFEQAGQK,5360.622
CAGNEDIITLRAEDNADTLALVFEAPNQEK,6110.04
VLAAGGLGQGGGGGQSSVLSGISLYDPRTPNAGGK,5696.406
AFPQLGGRPGPEGEGSLESQPPPLQTQACPESSCLR,5166.768
NSTPSEPGSGRGPPQEEEEEEDEEEEATK,3091.0980000000004
SPGDSPGGKEEAPEPPDGGDPGNLQGEDSQAFSSK,4029.738
NVSSFPDDATSPLQENRNNQGTVNWSVDDIVK,5816.3640000000005
DSTLIMQLLRDNLTLWTADNAGEEGGEAPQEPQS,6353.34
TIAQTTAPVSWKPQDSSEQPQEK,4004.076
SSGQSNNNSDTCAEFR,2596.152
DLGLPTEAYISVEEVHDDGTPTSK,5817.456
DSTLIMQLLRDNLTLWTSDTQGDEAEAGEGGEN,6366.06
VESGDPSLHPPPSPGTPSATPASPPASATPSQR,4016.112
EDSGSNSQVNSLPAEWCEALHSFTAETSDDLSFK,6199.44
GGNCLLNIPKPDEAYSAPSCGNK,4779.858
EPPAPAQQLQPQPVAVQGPEPARVEK,4309.134
DSESTPVDDRISLEQPPNGSDTPNPEK,4354.638
SNLVDNTNQVEVLQRDPNSPLYSVK,5179.266
QDGSPSTELVSGGSDNQVIHWEIEDNQLLK,6051.4800000000005
NNGESWELMDSAGNK,4361.532
QPQTSVVQNQQQISQQGPIYDEVELDALAEIERIER,6177.900000000001
GTGLDEAMEWLVETLK,6349.5
EPSITQGNTEDQGSGPSETKPVVSISR,3961.23
SLPESTSAPASGPSDGSPQPCTHPPGPVK,3623.754
AAEAAASAYYNPGNPHNVYMPTSQPPPPPYYPPEDK,5166.768
QSATNLESEEDSEAPVDSTLNNNRNQEFVSSSR,4325.004
TQTPPVSPAPQPTEERLPSSPVYEDAASFK,5073.858
VDFPTAIGMVVERDDGSTLMEIDGDK,6142.02
DDGMNFTQCHTANIQTLIPTSSETNSR,5507.526
SENENQEQIEESK,2227.8
SIVECQPDASATPGVGTADSPAAPTDSRDDQK,3932.532
TGDDYIAIGADEEELGSQIEEAIYQEIRNTDMK,6265.8
ESSITSCCSTSSCDADDEGVRGTCEDASLCK,3525.426
IQIASESSGIPERPCVLTGTPESIEQAK,5074.584000000001
DVSEELSRQLEDILSTYCVDNNQGGPGEDGAQGEPAEPEDAEK,6217.68
GAPSQDDESGGIEDSPDRGACSTPDMPQFEPVK,4777.584
NFQNIFPPSATLHLSNIPPSVSEEDLK,6084.3
ENLQPQSSGVQGQVPISPEPLQRPEMLK,5166.768
NSRQPAEAGVVESEN,2688.288
DSTGAADPPQPHIVGIQSPDQQAALAR,4740.654
LAVDEEENADNNTK,2719.2
YSGCGGNENNFTSK,2563.392
NADMSEEMQQDSVECATQALEK,5139.408
FCGIINISVEGLHDVMTEDPETGTYK,6154.08
LTSQQTVEPAQNQEICSSGMDPNSDDSSRNLFVK,4703.268
NSSCGGGISSSSSSR,1831.236
NYQQNYQNSESGEK,2257.752
IDSIPHLNNSTPLVDPSVYGYGVQK,5733.8820000000005
DLLPSGSRDEPPPASQSTSQDCSQALK,4045.566
LYNPENIYLSEHGGGAGNNWASGFSQGEK,5373.162
FFLEEIQLGEELLAQGEYEK,6274.02
DAPCSASSELSGPSTPLHTSSPVQGK,4078.428
GQPVAPYNTTQFLMDDHDQEEPDLK,5295.372
DSLGAHSITSPGGNNVQLIDK,4427.49
EISFDTMQQELQIGADDVEAFVIDAVR,6438.36
GTISVGVDATDLFDRYDEEYEDVSGSSFPQIEINK,6157.68
SSPSEPSNAVASSSTEQPSVSPSSSVFSQHAIGSSTEVQK,4559.016
STAISLFYELSENDLNFIK,6265.8
CSLQAAAILDANDAHQTETSSSQVK,4490.49
ILGADTSVDLEETGRVLSIGDGIAR,6072.360000000001
TSHCDTFNNQPLCSENFLIAAVEAWGFQDPDTQ,6321.4800000000005
LLSQSGPVHAPVFTMSVDVDGTTYEASGPSK,5809.074
NVDSSPETSPSVSPMPHSSSIANLQTASK,4361.532
NEENTEPGAESSENADDPNK,2310.594
LQSVQALTEIQEFISFISK,6390.780000000001
VDEGAGDSAAVASGGAQTLALAGSPAPSGHPK,4437.204
GSLQPAPAQPPGDPAAQASVSNGEDAGGGAGRELVDLK,4848.978
FDENDVITCFANFESDEVELSYAK,6213.4800000000005
QGCDCECLGGGR,2378.31
CQSVSSAGELETENYERDSLLATVPDEQDCVTQEVPDSR,5520.456
AESQDFIPGSTGQPCLPNVLLESEQSNPFCSYSEHQEK,6100.68
SQPFINPDSQGHCPATSDSGITDVAMSK,4653.1140000000005
SNEDQSMGNWQIK,4181.04
DQVTAQEIFQDNHEDGPTAK,4312.98
LVGGPVAGGDPNQTIRGQYCDICTAANSNK,4554.432
DSVTCAGFSHDSTLVATGDMSGLLK,5850.624
NEENTEPGAESSENADDPNKDTSENADGQSDENK,2426.01
NNDLQDNYLSEQNK,3678.366
RNSSEASSGDFLDLK,4165.104
ETNGNQSTDIDSTLANFLAEIDAITAPQPAAPVGASAPPPTPPRPEPK,6307.56
AQNLPDSSPTQNYISMHSSQNVQTQESSSPQSQK,4046.964
NESSNASEEEACEK,1878.0
SQDGGELTSPALGLASHQVPPSPLVSANGPGEEK,5531.856
GGGGPGGGGPGGGSAGGPSQPPGGGGPGIRK,2783.94
SNNSETSSVAQSGSESK,1952.298
DCPVSNINNSSIPSALPEPMTASEAAARK,5205.852
NDQDTWDYTNPNLSGQGDPGSNPNK,4428.4980000000005
NETVSSNSSNNTGNSTTETSSTLEVR,3347.082
LFPNSLDQTDMHGDSEYNIMFGPDICGPGTK,6084.66
TAGAPTGTVPQQLQVHGVQQSVPVTQER,4508.892
NQNIQKPEYSE,2722.44
TPPTANHPVEPVTSVTQPSELLQQK,4807.464
DCCGSEMACETPNAGTREDPTDTPATDSSR,3413.454
GVESVFDIMEMEDEERNALLQLTDSQIADVAR,6265.8
QLSPTEAFPVLVGDMDNSGSLNAQVIHQLGPGLR,6152.88
SEVASSVFSSSSTQGVTNHAPLSGESLTQVGSDCYTVR,5400.252
NEEENENSISQYK,2892.75
TVMIPGPQLKPEEEYEEAQGEAQKPQLA,5277.798000000001
DEIVEIHEENEVASGTQSGGTEAEAVPAQK,4246.956
TQASSSFQDSSQPAGK,2468.946
ITSAVWGPLGECIIAGHESGELNQYSAK,6023.64
TPSQLSDNNCRQ,2229.1980000000003
NMQEPIALHEMDTSNGVLLPFYDPDTSIIYLCGK,6181.56
NNDGYIDYAEFAK,4998.06
TSLGPGGSYQISEHAPEASQPAENISK,4185.0
NDNGASGQTSESIK,2019.498
SSSPAPADIAQTVQEDLRTFSWASVTSK,6194.4
STNEAMEWMNNK,4299.81
ELQTSSAGLEEPPLPEDHQEEDDNLQRQQQGQS,4442.802
SDFQVNLNNASR,4037.988
INALTAASEAACLIVSVDETIK,6318.4800000000005
GGGGNFGPGPGSNFR,3641.064
QSSSTNYTNELK,2988.2160000000003
QLDSTIGIHPVCAEVFTTLSVTK,6063.6
SEMESVLAQLDNYGQQELADLFVNYNVK,6330.66
KAEQGSEEEGEGEEEEEEGGESK,2102.604
RSGPTDDGEEEMEEDTVTNGS,3427.404
AEWPSETPVLCQQCGGKPGVTFTSAK,5031.84
NSDADFQNNEK,2153.04
ATENGLVNGENSIPNGTRSENESLNQESK,3739.584
IEPELDGSAQVTSHDASTNGLINFIK,5858.465999999999
TEPVAIFSHQSETTAPPPAPTQALPEFTSIFSSHQTAAPEVNNIFIK,6139.92
ISSCSDESSNSNSSR,1688.652
QDENDDDDDWNPCK,3432.324
NNALNQVVLWDK,5348.027999999999
NGQCCIADLGLAVMHSQSTNQLDVGNNPR,5850.624
GGSSSGGGYGSGGGGSSSVK,1936.626
EMSCIAEDVIIVTSSLTK,6283.9800000000005
DNNQFASASLDR,3655.338
EYIPGQPPLSQSSDSSPTRNSEPAGLETPEAK,4551.33
DYGPRTDADSESDNSDNNTIFVQGLGEGVSTDQVGEFFK,6123.839999999999
IGPILDTNALQGEVKPVLQK,5644.487999999999
LGGSQEDQIK,2424.786
QDLPGLSSESAREPNAECMNQIEDNDDFQLQK,5255.303999999999
VDCTANTNTCNK,1785.18
NNNAGSFDSEGVASR,2995.368
LLVSNLDFGVSDADIQELFAEFGTLK,6359.58
SNNNLNLENNIK,3654.282
ISNYGWDQSDK,3518.394
NLAGECQNINK,2621.784
GNGEFCQCYMGSQK,3487.092
DAQGQPGLERAQQELVPPQQQASPPQLPK,4925.226000000001
VDFPQDQLTALTGRIQEAGTEVVK,6092.639999999999
GSQITQQSTNQSR,1962.582
SNGLICGGNGVCK,3180.222
GGNNDSWMNPLAK,4822.866
QSLQNCQNLSK,2462.136
VTTVVATPGQGPDRPQEVSYTDTK,3845.544
SLGSVQAPSYGARPVSSAASVYAGAGGSGSR,4449.0
NNASTDYDLSDK,2882.088
NKPGPNIESGNEDDDASFK,3173.412
TNLIVNYLPQNMTQDELRSLFSSIGEVESAK,6229.26
LEDQLQGGQLEEVILQAEHELNLAR,6232.799999999999
NQNSWGTGEDVK,2925.156
NTQPGTENLLINVSGDLENRYNFPSSEPR,6043.26
NSSYFVEWIPNNVK,6023.64
SSQTSGTNEQSSAIVSARDSEQVAELK,4018.008
NQDNLQGWNK,3185.298
NSNPALNDNLEK,3129.414
GGASSSCCEEEQTQGR,1901.994
VTEWQQTYTYDSGIHSGANTCVPSVSSK,4615.194
AAFFVTLDETEEGYRSEDPDTSMDSYAK,5829.714
SQTIYEIIDNSQGFYVCPVEPQNR,6112.740000000001
GEPGADGEAGRPGSSGPSGDEGQPGEPGPPGEK,3005.088
AGDNIPEEQPVASTPTTVSDGENKK,3571.422
NSGESYQAPDPGNGSIQRPYQDTVAENK,3834.396
GGPPGQFHDNANGGQNGTVQEIMIPAGK,4723.284000000001
NNSNDIVNAIMELTM,6387.12
TSSFTWGNNINPNNSSGWDESSKPTPSQGWGDPPK,5283.126
CNNCDQELNK,1928.652
AQAVSEDAGGNEGR,2031.372
NNDYQSIEELK,4020.804
DPASLPQCLGPGCVRPAQPSSK,4336.860000000001
TTASPSVRLPQSGSQSSVIPSPPEDDEEEDNDEPLLSGSGDVSK,5340.264
LLAVNNVCLEEVTHEEAVTALK,5898.972
CNEIINWLDK,5711.334
GQPSSAEPEDAAGSRQGLDGPPPTVEELK,4288.668
DQLQTFSEEHPVLLTEAPLNPSK,5845.482
FNVWDTAGQEK,4482.12
FACESIVEEYEDELIEFFSR,6373.4400000000005
EYSQMQQQNTQK,2151.756
YEQGTGCWQGPNR,3170.028
NNGQVYTYPDGK,3068.37
NSLESYAFNMK,4894.338
SGGNEVSIEER,2721.66
TNNNQILEVK,3425.424
YINENLIVNTDELGRDCLINAAK,5810.022
KPDSMVTNSSTENEA,2598.9480000000003
NQWQLSADDLK,4700.334
AELQLPPPPPPGHYGAWAAQELQAK,5799.942
NALESYAFNMK,4935.822
CSQSNNQFQK,1886.568
DSTLIMQLLRDNLTLWTSDSAGEECDAAEGAEN,6367.200000000001
SSQQPSTPQQAPPGQPQQGTFVAHK,3277.1580000000004
STNLDASENTGNK,2119.77
QFCQEGQPHVLEALSPPQTSGLSPSR,5143.92
NFSDNQLQEGK,2999.508
NTGVSPASRPSPGTPTSPSNLTSGLK,4052.268
DPITEFVECLYVNFDFDGAQK,6450.9
NSCVQQSDNLK,2226.408
NNCYQFFDESK,4364.31
LNNCGMGIGGGK,2958.894
ECGTNECLDNNGGCSHVCNDLK,3114.72
SSLSNNECGSLDK,2621.784
LNWLSVDFNNWK,6160.26
SNNESSFYAVK,3393.15
IQALPTVPVTEEHVGSGLECPVCK,5166.402
CTDDFNGAQCK,2390.628
NCNDFQYESK,2848.3740000000003
GDDQSRQGGAPDAGQE,1956.996
NNMDENMDESDK,2369.784
ISVANNQNSSQKPFDQIAEAAFNAIFDGSTQK,6223.86
NNLEIDLNYK,4721.268
LTPPVLEEMGHCDSVYLSEVGDTQVVVFK,6091.56
SDTNNSGPEINK,2158.674
QQIQNDLNQWK,4101.36
GGGGGGYGSGGSSYGSGGGSYGSGGGGGGGR,2711.082
NNNQQLAQLQK,2919.312
NNSGEEFDCAFR,4056.846
QQNQELQEQLR,3136.458
NANAEPAVQR,2113.17
QQEQQQQQVAR,1758.138
SDNKDDDIDIDAI,4830.299999999999
ANNLNTPNNGK,1953.702
DNEDAFYNSQK,3134.976
IYIDSNNNPER,3132.21
QQQQLQQQQQR,1866.336
NPNGPYPYTLK,3932.532
VGGTSDVEVNEKK,2188.728
VNNNLSDELR,3436.962
NQDLCQQEAVK,2563.392
ISSSLPSGNNNGK,2579.622
VGTDMLEEQITAFEDYVQSMDVAAFNK,6331.26
INNFSADIK,3665.526
STESLQANVQR,2770.014
NGSNPETTTSGGCHSPEDTPK,2466.15
NNGNWQEALQFVPK,5997.5160000000005
NDDGWYEGVCNR,3989.262
NLSPGAVESDVRGITGVDLFGTTDAVVK,6112.14
FDNNSGQSAIK,2455.164
NSDIEQSSDSK,1726.188
QAQQAQNVQR,1669.848
NSVEVALNK,3142.026
SYCNDQSTGDIK,2430.168
CDTEFPNFK,4320.768
QQEQADSLER,2278.74
EANQQQQFNR,2090.628
FYPEDVAEELIQDITQK,6310.9800000000005
NAESNAELK,1993.428
SVQANLDQSQR,2578.236
SLDNNYSTPNER,2828.322
QPGYQPPNPHPGPSSPPAAPASK,3348.474
NNSFVNEIISR,5111.987999999999
NSQGEEVAQR,1813.116
NNQESDCVSK,1631.2859999999998
NVLCSACSGQGGK,2578.236
QAWFIENEEQEYVQTVK,5754.996
SVNDQPSGNLPFLKPDDIQYFDK,6051.4800000000005
NAWADNANACAK,2772.768
NDNVQDTAEQK,1937.904
EGQNYQQNCIK,2404.86
SNSEQPNRGLDDST,2371.338
NNQIEQFSVK,3814.878
EGCEAIVDTGTSLMVGPVDEVRELQK,6065.400000000001
NCSETQYESK,1932.66
GNSLQEILER,4963.074
SNVSDAVAQSTR,2733.174
NLNNSNLFSPVNRDSENLASPSEYPENGER,4965.954
DWPAQYCEALADEENRARPQPSGPAPSS,5156.478
SSVSVPSESHPLSTINQEAPQPTATSTK,4204.049999999999
NNHCGIATAASYPNV,4007.358
QIQQLESNNR,2569.254
NPPNQSSNERPPSLLVIETK,4583.7
ADLIPYQDSPEGPDHSSASSGVPNPPK,4454.124
GPGLEAVGNIANKPTYFDIYTAGAGVGDIGVEVEDPQGK,6102.72
SSGISSQNSSTSDGDR,1878.0
FNQCGTCNEFK,3021.714
NEGQDATMYCK,2533.956
NNNSNQNFFK,3213.168
NSAQGNVYVK,2382.27
LGSLVENNER,3061.944
VNNNVLIK,3114.72
IHEMLQPGQDQ,3274.5
QWNNCAFLESSAK,4549.02
DANNGNLQLR,3054.462
GADINAPDK,2270.37
VYVGNLGNNGNK,3032.9460000000004
NTAASLQQWK,3577.014
FLPAVQSSSFASSTHCQTLQNNITSPDPK,4974.714
GNNFLYTNGK,3522.486
NNQGNSFQAK,1925.244
SADTLWGIQK,4544.196
NLQDAMQVCR,3731.004
NDGLDIQLK,4416.426
AGSALPGFANSPAGSTSVVLVPPAHGTLVPDGNK,5942.04
NPQPPQPQVPETPWADEGGSVYHLTDEDFDQFVK,6095.82
TDNAGDQHGGGGGGGGGAGAAGGGGGGENYDDPHK,2111.778
NSYNNSQAPSPGLGSK,2930.82
LFDSICNNK,3782.256
QQTNNQTEVVK,2056.6620000000003
TATFAISILQQIELDLK,6333.96
NNTALQSVSLR,3856.434
SQGSGNEAEPLGK,2346.108
GYGYGQGAGTLSTDK,3353.838
TLQQNAESRFN,3123.246
NNNNIMIK,2889.702
NNASPFDAPCR,3321.012
RINLTPLKTDTPPSSVPTSVISTPSTEEIQSETPGDAQGSPPELK,5904.276
ACDCDPRGIETPQCDQSTGQCVCVEGVEGPR,4210.818
DITGTLSNPEVFNYGVETHEAYK,5564.256
IGTDIQDNK,2516.6400000000003
NNGNNQQVPVK,2192.916
HTGPGILSMANAGPNTNGSQFFICTAK,5712.342
ANESCSNTAPSLTVPECAICLQTCVHPVSLPCK,5838.672
SMENYYQESGR,3149.988
NDNTEAFYK,3053.4
CAADLGLNK,3101.214
KITIADCGQLE,3993.186
GEFGGFGSVTGK,4333.218
NNEVSLAALK,4167.900000000001
DVNFEFPEFQL,6337.92
SAVGFDYQGK,3529.5780000000004
VQSGNINAAK,1971.588
VNNEGCFIK,3193.884
FNVWDVGGQDK,5037.21
NDNIQALEK,3096.1800000000003
NNTQVLINCR,3279.576
ISVPNCAPAASSLDGNKPAESSLAFSNEETSTEK,4855.638
STQDEINQAR,2294.58
ETEQINGNPVPDENGHIPGWVPVEK,5134.554
LIHEQEQQSSS,2005.77
QGQSNSGVVQVQQK,2442.0
NCTYTQVQTR,2540.586
YSTSGSSGLTTGK,2518.752
NNSVSGLSVK,2968.416
SEFEQNLSEK,3140.622
NQNDPLPGR,2679.51
SLGQWLQEEK,4829.466
QTYSTEPNNLK,2761.626
GEFGGFGSVSGK,4116.773999999999
TQDQISNIK,2685.834
ENILEEFSK,5336.568
AECSAEQCYK,2066.664
AGVNSDSPNNCSGK,1818.648
VSDGGSSSTDFK,2321.598
AQVESCQLNNR,2411.112
SCNCLLLK,3743.934
SSSQPSSCCSDPSKPGGNVEGATQSLAEQMR,4255.632
SNIQERDGCQTPNN,2120.946
DGGFCEVCK,3044.442
GSGTAEVELK,2829.684
NNQLDPTSK,2245.398
QVDQLTNDK,2346.108
TNQELQEINR,3024.486
QTQTFTTYSDNQPGVLIQVYEGER,5949.978
ANNGICFLR,4444.476000000001
SIYYITGESK,3961.23
SNNVEMDWVLK,5379.0
TGISDVFAK,4424.316000000001
NNQITNNQR,1695.084
QQNVQSASQDEK,1774.902
DSNFQNPFK,4387.944
AQNAESSLQQK,2068.674
NCLNPQFSK,3220.134
NNGGAAAMEK,1758.138
ADFFEDENGQR,3835.794
VGIPQENADHDDFDANQLLNK,4892.55
NNLASCYLK,3825.918
ANNMQEVSR,2120.946
NFGGGNTAWEEK,3574.212
INFVIDNNK,4299.81
QQQQQQNDVVK,1918.716
ALELDSNNEK,2894.688
NQDLISENK,2705.724
ENLGQGWMTQK,4172.49
NQACCVQSEK,1803.876
DYPDTWVCSMNPDPEQDRCEASEQK,4962.24
NNYENYIDIVK,5076.33
QFSSASSQQGQEEK,2065.602
NNNLAVTSK,2272.38
NDQCYEDIR,2943.606
LDGEASINNR,2567.856
DNDGRLDPQELLPWVVPNNQGIAQEEALHLIDEMDLNGDK,6232.44
VEILANDQGNR,3099.924
SNQQNLGTIK,2598.9480000000003
NNFEADAYFVK,4828.176
FMGTELNGK,3484.308
QSAEEQAQAR,1720.338
EGLELPEDEEEK,4122.978
NNWEVSALSR,4341.834
LGPNDQYK,2540.586
VMSEFNNNFR,3992.688
ESEAVEWQQK,3124.194
EDIIQGFR,4482.12
SELLPAGWNNNK,4570.722000000001
ESWEMNSEEK,3229.8480000000004
DGTWPSAQLHVMNNNMSEEDEDFK,5334.396
IQEMALPMMLAHPPQNLIAQSQSGTGK,5078.058
SCAEWVSLSK,4260.1320000000005
AQTLNNNVNR,2127.966
QMDFPGESSNNR,3509.226
GVDLSGNDFK,3778.128
GGNASGEPGLDQR,2455.164
ANNLSSLSK,2631.714
NNSLNELMK,3953.748
TEEEEEEEEEEEEDDEEEEGDDEGQK,3083.232
NNVEQDLK,2515.248
NNGQSGDNVVK,1794.42
SELSGNFEK,3025.872
QNNFSLAMK,4025.874
AEVSIQNNK,2287.548
DDEVQVVR,2952.168
YPIEHGIITNWDDMEK,5035.56
FQNNSEDNVK,2044.152
CLEENNGVDK,2223.84
ASQQSNQIQTQR,1964.814
INEDWLCNK,4314.534000000001
GDDLQAIK,2996.73
ADGYNQPDSK,1891.668
STFVLDEFK,5326.938
NGLLDMNK,3860.634000000001
VDNSSLTGESEPQTRSPDFTNENPLETR,4680.93
NLQEAEEWYK,4349.502
EQCEQLEK,2036.346
YTQSNSVCYAK,2539.638
SNNSMAQAMK,2382.27
NFGIGQDIQPK,4277.639999999999
DLSLGLDDSRTNTPQGVLPSSQLK,5469.606
LTVIDTPGFGDHINNENCWQPIMK,5890.572
ENEVEEVK,2298.774
GYFEYIEENK,4769.526
DDNMFQIGK,4539.336
SSTSSLAPGPEPGPQPALHVQAQVNNSNNK,4182.828
SEYIETASGNK,2630.322
NDYDQLQK,2627.7540000000004
GGPDFSNLEK,3842.748
GSQFGQSCCLR,3091.0980000000004
QGQDNLSSVK,2357.778
YIDQEELNK,3023.106
YMFPMGTPDPEYPADASQNGIRLDGK,5826.972000000001
NEFQCQDGK,2142.852
SQSSDTEQQSPTSGGGK,1749.792
NQGIEEALK,3306.69
QQLSSEQVSR,2349.144
NQALNIAWQK,4405.907999999999
SEEEQSSSSVK,1589.796
SGTSEFLNK,3105.858
EQFLDGDGWTSR,4782.701999999999
QNNVPQESR,1892.034
DSETGENIR,2113.17
NQCTQVVQER,2360.232
DGLTDVYNK,3592.26
EILGTAQSVGCNVDGRHPHDIIDDINSGAVECPAS,5229.408
NNLGTPLQK,3020.316
NNLNPTWK,3300.594
NNFEGEVTK,2768.61
NSTFSEIFK,4959.63
ESYSVYVYK,4004.076
DGYNYTLSK,3445.362
NAGAVIGK,2170.326
QPTIFQNK,3305.7180000000003
NSMPASSFQQQK,2975.706
DAYCCAQQGK,1998.504
ALEENNNFSK,2605.968
TCTESDVSQSQNSR,1939.302
DSCPLDCK,2507.67
NIGENEGGIDK,2596.152
LQGATCNNNK,1543.632
NNATLQAEK,1996.26
NISSSPSVESLPGGREFTGSPPSSATK,4451.952
NAVIGNNK,1886.568
NAQAQQEFK,2168.4300000000003
EGLELLK,4482.12
NNQETMIK,2374.128
NNTVTPGGKPNK,1716.738
VNASASSLK,2270.37
SDGIYIINLK,5449.433999999999
AGQGTSAPPEASPTAAPESSTSFPPAPTSGMSHPPPAAR,4444.476000000001
WSLLQQQK,4423.139999999999
YTAQVDAEEK,2503.47
EQWQEQINQLK,4480.83
LNVTEQEK,2382.27
DDPQAEPQAPGRPTAPGLAAAAAADK,4154.526
NGEVWTFGVNNK,4903.734
NHTIPGFQQAS,3682.212
ITITNDQNR,2581.014
VGEFSGANK,2351.934
NNVVINYK,3257.004
FADLSEAANR,3495.306
SEISENTDASGK,2096.1240000000003
NNIPYFETSAK,4334.508
EGNCSGCIQDCNR,2171.16
AQYEDIANR,2864.112
NCAQGEGSMAK,1795.3739999999998
DNDFLNEGQK,3517.224
GLNQMNNGNGANK,2133.6240000000003
LPSFWNNNK,4748.304
NNLIQQK,2349.144
LAVGDNNSK,2074.416
NQIQEPCK,2172.84
FLDDLGNAK,4116.773999999999
LDETGNSLK,2452.1040000000003
DQNSLSSEQQK,1968.792
NYTDNELEK,2738.82
DNWDDDDDEK,2581.014
QCSENVHIST,2764.416
VCSELDNNR,2237.736
IEEELGSK,2490.372
NNNYEPNLFK,4290.834000000001
ELVLDNSR,3244.8
QVEIAQR,2383.662
GNNVPGNPK,1906.836
LTWHSCPEDEAQ,3560.49
NQWIDNVEK,3924.996
NNAFPCQVNIK,4109.736
DNAMLEYLK,5234.2080000000005
ESYSIYVYK,4343.154
NPVSLPSLPNPTKPNNVPSVPSPSIQR,5506.746
QQYESVAAK,2283.204
QLIVGVNK,3507.228
EQTFSGGTSQDTK,2229.1980000000003
EQNNDSQLK,1621.914
DQIYDIFQK,5444.874
NNDFQLGK,3234.6240000000003
IPNKPEFEDSNPSPLPPDMAPGQSYQPQSESASSSSMDK,4997.694
ESESCDCLQGFQLTHSLGGGTGSGMGTLLISK,6015.36
SLAASSPPPCSQPSQCPEEKPQESSPMK,3358.962
QFTSSSSIK,2562.108
DLNCNPNNK,1955.1
GNVDEELSK,2531.73
FCLDNGAK,3146.25
GDGLCCYLK,4191.366
DDNGVPFVR,4269.618
QASEGPLK,2092.026
EAFSLFDK,5105.052
QQQDQVDR,1559.568
EANEILQR,2951.4480000000003
DAGNFDQNK,2082.522
EANNFLWPFK,6140.28
NTCTSVYTK,2234.778
GEGQLGPAER,2438.592
NPAAYENDK,2022.732
NSTPSEPGSGR,1866.336
ECVGASNQNCR,1813.116
DNNEIVDK,2275.1760000000004
LQASNVTNK,2111.778
QISYNYSDLDQSNVTEETPEGEEHHPVADTENK,4773.666
ESDLNGAQIK,2761.626
VLENAEGAR,2229.1980000000003
TVSLGAGAK,2519.25
DGVTVAK,2061.396
DSYVGDEAQSK,2404.86
DYNVTANSK,2400.036
SLSEYNNFK,3502.686
NNSELSVLK,3676.806
LSQTSNVDK,1859.634
NCQASTSQALK,2125.41
QEEPPPGPQRPDQSAAAAGPGDPK,2954.394
SQLDINNK,2553.36
ILSISADIETIGEILK,6264.78
EVQTNDLK,2237.736
NNGDAIVK,2092.026
MQASIEK,2280.132
LLEGEEQR,2452.1040000000003
NNLLTNK,2582.376
GQSEEIQK,1754.88
FSASGELGNGNIK,3678.366
WTPIEYFNNK,5540.094
QVAQQEAQR,1673.334
DNNLTTGK,1850.67
DVNVNFEK,3568.848
VTQDELK,2167.038
TQYNQVPSEDFERTPQSPTLPPAK,4475.922
QNSNSQSTPGSSGQR,1587.144
DNNLLGK,2893.968
DYSVTANSK,2411.112
DIEDVFYK,5041.926
VIADNVK,2241.5040000000004
DLSLHVHGGEK,3918.354
DVIEEYFK,5278.53
QIFLGGVDK,4282.386
NQAPPGLYTK,3119.958
NNPDLYLK,3599.2200000000003
SQEGSQFVK,2569.254
SCSPELQQK,2203.698
DQSPPPSPPPSYHPPPPPTK,3572.814
SIEPGGIDITLSSSLSQAGDPITEGNKEPDK,5865.372
QSQQFNQK,1723.188
GLFIIDDK,5228.034
NEYAAQLQNFNGEQHK,4174.506
GHLDAELDAYMAQTDPETND,5405.886
IDISNVK,3234.6240000000003
ELSEQIQR,2778.3540000000003
DSRPSQAAGDNQGDEAK,1787.838
DISLSDYK,4007.358
VTGSLETK,2082.126
NNEPYDYK,2646.33
EPLALAGR,3316.902
QSNNSHSPLPSN,2484.7920000000004
IYIDDNNK,2788.518
EMENMYIEELK,3426.798
FAANPNQNK,2102.604
LLEGEESR,2454.552
GAPNNSCSEIK,2108.586
WEQIEGNSK,2859.48
QQFDLENK,3229.8480000000004
VQPSDQVGK,2028.69
DLSLDDFK,5089.65
KPDSWHVK,2707.11
EVSTYIK,2981.2560000000003
